{
  "createdAt": "2024-02-23T16:26:54.475Z",
  "updatedAt": "2024-02-23T16:26:58.928Z",
  "id": "xHuYe0MDGOs9IpBW",
  "name": "Local Ollama service",
  "data": "U2FsdGVkX18BVmjQBCdNKSrjr0GhmcTwMgG/rSWhncWtqOLPT62WnCIktky8RgM1PhH7vMkMc5EuUFIQA/eEZA==",
  "type": "ollamaApi",
  "nodesAccess": [
    {
      "nodeType": "@n8n/n8n-nodes-langchain.lmChatOllama",
      "date": "2024-02-23T16:26:58.927Z"
    },
    {
      "nodeType": "@n8n/n8n-nodes-langchain.lmOllama",
      "date": "2024-02-23T16:26:58.927Z"
    }
  ]
}
